id,generated
0000aaaa,0.9999969
1111bbbb,0.99989426
2222cccc,0.03993002
